Rank,Candidate,Score,Strengths,Weaknesses,Explanation,File
1,17641670,22.92,"000, ability, about, analytical, analyze, area, c, cad, communication, design","145, along, applied, background, behavior, canada, navigation, role",Similarity=0.02; MustMatch=0.00; NiceMatch=0.00; SkillMatch=0.72,E:\hackathon\1\resume\17641670.pdf
2,28628090,22.48,"000, ability, analyze, area, background, c, communication, design, development, engineer","145, about, along, analytical, applied, behavior, cad, canada, navigation",Similarity=0.03; MustMatch=0.00; NiceMatch=0.00; SkillMatch=0.69,E:\hackathon\1\resume\28628090.pdf
3,47276718,22.20,"000, ability, about, along, analytical, analyze, area, c, cad, communication","145, applied, background, behavior, canada, mode, navigation, planning, role",Similarity=0.03; MustMatch=0.00; NiceMatch=0.00; SkillMatch=0.69,E:\hackathon\1\resume\47276718.pdf
4,21629057,22.04,"000, ability, along, analyze, applied, background, c, communication, design, development","145, about, analytical, area, behavior, cad, canada, navigation, planning",Similarity=0.02; MustMatch=0.00; NiceMatch=0.00; SkillMatch=0.69,E:\hackathon\1\resume\21629057.pdf
5,10247517,21.77,"000, ability, along, analyze, background, c, cad, communication, design, development","145, about, analytical, applied, area, behavior, canada, mode, navigation",Similarity=0.02; MustMatch=0.00; NiceMatch=0.00; SkillMatch=0.69,E:\hackathon\1\resume\10247517.pdf
6,25608963,21.73,"ability, about, along, analyze, applied, area, background, c, communication, design","000, 145, analytical, behavior, cad, canada, mode, navigation, planning",Similarity=0.02; MustMatch=0.00; NiceMatch=0.00; SkillMatch=0.69,E:\hackathon\1\resume\25608963.pdf
7,20566550,20.84,"ability, about, along, analytical, applied, background, c, cad, communication, design","000, 145, analyze, area, behavior, canada, navigation, performance, planning, role",Similarity=0.02; MustMatch=0.00; NiceMatch=0.00; SkillMatch=0.66,E:\hackathon\1\resume\20566550.pdf
8,31694970,20.80,"000, about, analyze, applied, c, cad, communication, design, development, engineer","145, ability, along, analytical, area, background, behavior, canada, navigation, role",Similarity=0.02; MustMatch=0.00; NiceMatch=0.00; SkillMatch=0.66,E:\hackathon\1\resume\31694970.pdf
9,12472574,20.71,"000, ability, about, analytical, applied, area, c, communication, design, development","145, along, analyze, background, behavior, cad, canada, mode, navigation, research",Similarity=0.02; MustMatch=0.00; NiceMatch=0.00; SkillMatch=0.66,E:\hackathon\1\resume\12472574.pdf
10,19796840,20.35,"000, ability, analyze, applied, area, c, communication, design, development, engineer","145, about, along, analytical, background, behavior, cad, canada, navigation, research",Similarity=0.01; MustMatch=0.00; NiceMatch=0.00; SkillMatch=0.66,E:\hackathon\1\resume\19796840.pdf
11,28035460,20.04,"000, ability, analyze, background, c, communication, design, development, engineer, engineering","145, about, along, analytical, applied, area, behavior, cad, canada, navigation",Similarity=0.03; MustMatch=0.00; NiceMatch=0.00; SkillMatch=0.62,E:\hackathon\1\resume\28035460.pdf
12,77828437,19.86,"about, along, analytical, analyze, applied, area, c, cad, design, development","000, 145, ability, background, behavior, canada, communication, navigation, performance, planning",Similarity=0.02; MustMatch=0.00; NiceMatch=0.00; SkillMatch=0.62,E:\hackathon\1\resume\77828437.pdf
13,31684925,19.85,"ability, along, analyze, area, c, cad, communication, design, development, engineer","000, 145, about, analytical, applied, background, behavior, canada, mode, navigation",Similarity=0.02; MustMatch=0.00; NiceMatch=0.00; SkillMatch=0.62,E:\hackathon\1\resume\31684925.pdf
14,24322804,19.84,"ability, along, analytical, c, cad, communication, design, engineer, engineering, experience","000, 145, about, analyze, applied, area, background, behavior, canada, development",Similarity=0.04; MustMatch=0.00; NiceMatch=0.00; SkillMatch=0.59,E:\hackathon\1\resume\24322804.pdf
15,12022566,19.81,"ability, analyze, applied, c, cad, design, development, engineer, engineering, experience","000, 145, about, along, analytical, area, background, behavior, canada, communication",Similarity=0.02; MustMatch=0.00; NiceMatch=0.00; SkillMatch=0.62,E:\hackathon\1\resume\12022566.pdf
16,82246962,19.75,"000, ability, analyze, applied, area, c, cad, communication, design, development","145, about, along, analytical, background, behavior, canada, navigation, performance, planning",Similarity=0.02; MustMatch=0.00; NiceMatch=0.00; SkillMatch=0.62,E:\hackathon\1\resume\82246962.pdf
17,14593060,19.70,"000, ability, analyze, area, background, c, cad, communication, design, development","145, about, along, analytical, applied, behavior, canada, mode, navigation, planning",Similarity=0.02; MustMatch=0.00; NiceMatch=0.00; SkillMatch=0.62,E:\hackathon\1\resume\14593060.pdf
18,64755882,19.69,"000, about, analyze, area, c, cad, communication, design, engineer, engineering","145, ability, along, analytical, applied, background, behavior, canada, development, navigation",Similarity=0.02; MustMatch=0.00; NiceMatch=0.00; SkillMatch=0.62,E:\hackathon\1\resume\64755882.pdf
19,17111768,19.60,"ability, analyze, applied, area, behavior, c, communication, design, development, engineer","000, 145, about, along, analytical, background, cad, canada, mode, navigation",Similarity=0.02; MustMatch=0.00; NiceMatch=0.00; SkillMatch=0.62,E:\hackathon\1\resume\17111768.pdf
20,20882041,19.59,"000, ability, area, c, cad, communication, design, development, engineer, engineering","145, about, along, analytical, analyze, applied, background, behavior, canada, navigation",Similarity=0.02; MustMatch=0.00; NiceMatch=0.00; SkillMatch=0.62,E:\hackathon\1\resume\20882041.pdf
21,17108676,19.06,"ability, about, along, analyze, area, background, c, cad, communication, design","000, 145, analytical, applied, behavior, canada, development, mode, navigation, performance",Similarity=0.03; MustMatch=0.00; NiceMatch=0.00; SkillMatch=0.59,E:\hackathon\1\resume\17108676.pdf
22,12045067,18.79,"000, ability, analyze, applied, area, c, communication, design, development, engineer","145, about, along, analytical, background, behavior, cad, canada, mode, navigation",Similarity=0.02; MustMatch=0.00; NiceMatch=0.00; SkillMatch=0.59,E:\hackathon\1\resume\12045067.pdf
23,10265057,18.72,"ability, analyze, background, c, cad, communication, design, development, engineer, engineering","000, 145, about, along, analytical, applied, area, behavior, canada, navigation",Similarity=0.02; MustMatch=0.00; NiceMatch=0.00; SkillMatch=0.59,E:\hackathon\1\resume\10265057.pdf
24,28923650,18.69,"ability, about, along, analyze, c, cad, design, development, engineer, engineering","000, 145, analytical, applied, area, background, behavior, canada, communication, navigation",Similarity=0.02; MustMatch=0.00; NiceMatch=0.00; SkillMatch=0.59,E:\hackathon\1\resume\28923650.pdf
25,46260230,18.62,"ability, analytical, analyze, area, c, communication, design, development, engineer, engineering","000, 145, about, along, applied, background, behavior, cad, canada, mode",Similarity=0.02; MustMatch=0.00; NiceMatch=0.00; SkillMatch=0.59,E:\hackathon\1\resume\46260230.pdf
26,13264796,18.61,"000, ability, along, area, background, c, communication, design, development, engineer","145, about, analytical, analyze, applied, behavior, cad, canada, mode, navigation",Similarity=0.02; MustMatch=0.00; NiceMatch=0.00; SkillMatch=0.59,E:\hackathon\1\resume\13264796.pdf
27,39855211,18.58,"ability, about, analytical, applied, area, behavior, c, communication, design, engineer","000, 145, along, analyze, background, cad, canada, development, mode, navigation",Similarity=0.02; MustMatch=0.00; NiceMatch=0.00; SkillMatch=0.59,E:\hackathon\1\resume\39855211.pdf
28,30223363,18.40,"ability, along, analyze, area, c, canada, communication, design, development, engineer","000, 145, about, analytical, applied, background, behavior, cad, mode, navigation",Similarity=0.01; MustMatch=0.00; NiceMatch=0.00; SkillMatch=0.59,E:\hackathon\1\resume\30223363.pdf
29,27058381,18.40,"ability, about, analyze, area, background, c, communication, design, development, experience","000, 145, along, analytical, applied, behavior, cad, canada, engineer, engineering",Similarity=0.01; MustMatch=0.00; NiceMatch=0.00; SkillMatch=0.59,E:\hackathon\1\resume\27058381.pdf
30,10712803,18.37,"000, ability, applied, background, c, cad, communication, design, development, engineer","145, about, along, analytical, analyze, area, behavior, canada, mode, navigation",Similarity=0.01; MustMatch=0.00; NiceMatch=0.00; SkillMatch=0.59,E:\hackathon\1\resume\10712803.pdf
31,14049846,18.34,"ability, analyze, c, cad, design, development, engineer, engineering, experience, gin","000, 145, about, along, analytical, applied, area, background, behavior, canada",Similarity=0.03; MustMatch=0.00; NiceMatch=0.00; SkillMatch=0.55,E:\hackathon\1\resume\14049846.pdf
32,22450718,18.12,"ability, analytical, analyze, c, communication, design, development, engineer, engineering, experience","000, 145, about, along, applied, area, background, behavior, cad, canada",Similarity=0.03; MustMatch=0.00; NiceMatch=0.00; SkillMatch=0.55,E:\hackathon\1\resume\22450718.pdf
33,21038022,18.05,"000, ability, analytical, analyze, c, communication, design, development, engineer, engineering","145, about, along, applied, area, background, behavior, cad, canada, mode",Similarity=0.03; MustMatch=0.00; NiceMatch=0.00; SkillMatch=0.55,E:\hackathon\1\resume\21038022.pdf
34,18159866,18.04,"ability, about, analytical, c, communication, design, development, engineer, engineering, experience","000, 145, along, analyze, applied, area, background, behavior, cad, canada",Similarity=0.03; MustMatch=0.00; NiceMatch=0.00; SkillMatch=0.55,E:\hackathon\1\resume\18159866.pdf
35,28126340,17.81,"000, ability, analytical, area, c, cad, design, development, engineer, experience","145, about, along, analyze, applied, background, behavior, canada, communication, engineering",Similarity=0.02; MustMatch=0.00; NiceMatch=0.00; SkillMatch=0.55,E:\hackathon\1\resume\28126340.pdf
36,17488801,17.69,"000, analytical, analyze, area, c, cad, communication, design, development, engineer","145, ability, about, along, applied, background, behavior, canada, mode, navigation",Similarity=0.02; MustMatch=0.00; NiceMatch=0.00; SkillMatch=0.55,E:\hackathon\1\resume\17488801.pdf
37,12011623,17.65,"ability, applied, area, c, cad, design, development, engineer, engineering, experience","000, 145, about, along, analytical, analyze, background, behavior, canada, communication",Similarity=0.02; MustMatch=0.00; NiceMatch=0.00; SkillMatch=0.55,E:\hackathon\1\resume\12011623.pdf
38,33685075,17.54,"000, analyze, applied, area, background, c, design, development, engineer, engineering","145, ability, about, along, analytical, behavior, cad, canada, communication, navigation",Similarity=0.02; MustMatch=0.00; NiceMatch=0.00; SkillMatch=0.55,E:\hackathon\1\resume\33685075.pdf
39,30097175,17.53,"000, ability, applied, area, c, design, development, engineer, engineering, experience","145, about, along, analytical, analyze, background, behavior, cad, canada, communication",Similarity=0.02; MustMatch=0.00; NiceMatch=0.00; SkillMatch=0.55,E:\hackathon\1\resume\30097175.pdf
40,18301617,17.35,"000, ability, area, c, communication, design, development, engineer, engineering, experience","145, about, along, analytical, analyze, applied, background, behavior, cad, canada",Similarity=0.01; MustMatch=0.00; NiceMatch=0.00; SkillMatch=0.55,E:\hackathon\1\resume\18301617.pdf
41,18187364,17.30,"000, ability, analyze, c, design, development, engineer, engineering, experience, gin","145, about, along, analytical, applied, area, background, behavior, cad, canada",Similarity=0.01; MustMatch=0.00; NiceMatch=0.00; SkillMatch=0.55,E:\hackathon\1\resume\18187364.pdf
42,48037995,17.27,"ability, about, analytical, background, c, cad, communication, development, engineer, engineering","000, 145, along, analyze, applied, area, behavior, canada, design, mode",Similarity=0.01; MustMatch=0.00; NiceMatch=0.00; SkillMatch=0.55,E:\hackathon\1\resume\48037995.pdf
43,19612167,17.20,"ability, analytical, analyze, area, c, communication, design, development, engineer, engineering","000, 145, about, along, applied, background, behavior, cad, canada, mode",Similarity=0.03; MustMatch=0.00; NiceMatch=0.00; SkillMatch=0.52,E:\hackathon\1\resume\19612167.pdf
44,29051656,17.14,"ability, analytical, analyze, applied, area, c, communication, design, development, engineer","000, 145, about, along, background, behavior, cad, canada, mode, navigation",Similarity=0.01; MustMatch=0.00; NiceMatch=0.00; SkillMatch=0.55,E:\hackathon\1\resume\29051656.pdf
45,38753827,17.12,"000, ability, c, cad, communication, design, development, engineer, engineering, experience","145, about, along, analytical, analyze, applied, area, background, behavior, canada",Similarity=0.01; MustMatch=0.00; NiceMatch=0.00; SkillMatch=0.55,E:\hackathon\1\resume\38753827.pdf
46,27756469,16.88,"ability, analytical, area, c, development, engineer, engineering, experience, gin, mode","000, 145, about, along, analyze, applied, background, behavior, cad, canada",Similarity=0.02; MustMatch=0.00; NiceMatch=0.00; SkillMatch=0.52,E:\hackathon\1\resume\27756469.pdf
47,32081266,16.87,"ability, c, communication, design, development, engineer, engineering, experience, gin, mode","000, 145, about, along, analytical, analyze, applied, area, background, behavior",Similarity=0.02; MustMatch=0.00; NiceMatch=0.00; SkillMatch=0.52,E:\hackathon\1\resume\32081266.pdf
48,83816738,16.82,"about, analytical, behavior, c, communication, design, development, engineer, engineering, experience","000, 145, ability, along, analyze, applied, area, background, cad, canada",Similarity=0.02; MustMatch=0.00; NiceMatch=0.00; SkillMatch=0.52,E:\hackathon\1\resume\83816738.pdf
49,24647794,16.80,"analytical, analyze, c, cad, communication, design, development, engineer, engineering, experience","000, 145, ability, about, along, applied, area, background, behavior, canada",Similarity=0.02; MustMatch=0.00; NiceMatch=0.00; SkillMatch=0.52,E:\hackathon\1\resume\24647794.pdf
50,47919212,16.75,"000, about, area, c, development, engineer, engineering, experience, gin, mode","145, ability, along, analytical, analyze, applied, background, behavior, cad, canada",Similarity=0.02; MustMatch=0.00; NiceMatch=0.00; SkillMatch=0.52,E:\hackathon\1\resume\47919212.pdf
51,26746496,16.72,"ability, about, c, design, development, engineer, engineering, experience, gin, mode","000, 145, along, analytical, analyze, applied, area, background, behavior, cad",Similarity=0.02; MustMatch=0.00; NiceMatch=0.00; SkillMatch=0.52,E:\hackathon\1\resume\26746496.pdf
52,36856210,16.70,"ability, analytical, analyze, c, communication, design, engineer, engineering, experience, gin","000, 145, about, along, applied, area, background, behavior, cad, canada",Similarity=0.02; MustMatch=0.00; NiceMatch=0.00; SkillMatch=0.52,E:\hackathon\1\resume\36856210.pdf
53,16186411,16.63,"ability, about, c, design, development, engineer, engineering, experience, gin, mode","000, 145, along, analytical, analyze, applied, area, background, behavior, cad",Similarity=0.02; MustMatch=0.00; NiceMatch=0.00; SkillMatch=0.52,E:\hackathon\1\resume\16186411.pdf
54,23438227,16.63,"000, ability, analyze, area, c, cad, communication, design, engineer, engineering","145, about, along, analytical, applied, background, behavior, canada, development, mode",Similarity=0.02; MustMatch=0.00; NiceMatch=0.00; SkillMatch=0.52,E:\hackathon\1\resume\23438227.pdf
55,13405733,16.62,"000, analyze, c, communication, design, development, engineer, engineering, experience, gin","145, ability, about, along, analytical, applied, area, background, behavior, cad",Similarity=0.02; MustMatch=0.00; NiceMatch=0.00; SkillMatch=0.52,E:\hackathon\1\resume\13405733.pdf
56,12374933,16.62,"000, ability, along, analyze, applied, c, design, development, engineer, engineering","145, about, analytical, area, background, behavior, cad, canada, communication, mode",Similarity=0.02; MustMatch=0.00; NiceMatch=0.00; SkillMatch=0.52,E:\hackathon\1\resume\12374933.pdf
57,61579998,16.56,"000, ability, area, c, cad, design, development, engineer, engineering, experience","145, about, along, analytical, analyze, applied, background, behavior, canada, communication",Similarity=0.02; MustMatch=0.00; NiceMatch=0.00; SkillMatch=0.52,E:\hackathon\1\resume\61579998.pdf
58,51363762,16.55,"ability, analytical, analyze, area, c, communication, design, development, engineer, experience","000, 145, about, along, applied, background, behavior, cad, canada, engineering",Similarity=0.02; MustMatch=0.00; NiceMatch=0.00; SkillMatch=0.52,E:\hackathon\1\resume\51363762.pdf
59,26834746,16.46,"000, ability, area, c, communication, design, development, engineer, engineering, experience","145, about, along, analytical, analyze, applied, background, behavior, cad, canada",Similarity=0.02; MustMatch=0.00; NiceMatch=0.00; SkillMatch=0.52,E:\hackathon\1\resume\26834746.pdf
60,90280583,16.45,"000, ability, c, cad, design, development, engineer, engineering, experience, gin","145, about, along, analytical, analyze, applied, area, background, behavior, canada",Similarity=0.02; MustMatch=0.00; NiceMatch=0.00; SkillMatch=0.52,E:\hackathon\1\resume\90280583.pdf
61,28762662,16.45,"000, ability, applied, c, communication, design, development, engineer, engineering, experience","145, about, along, analytical, analyze, area, background, behavior, cad, canada",Similarity=0.02; MustMatch=0.00; NiceMatch=0.00; SkillMatch=0.52,E:\hackathon\1\resume\28762662.pdf
62,15139979,16.45,"000, ability, area, c, communication, development, engineer, engineering, experience, gin","145, about, along, analytical, analyze, applied, background, behavior, cad, canada",Similarity=0.02; MustMatch=0.00; NiceMatch=0.00; SkillMatch=0.52,E:\hackathon\1\resume\15139979.pdf
63,14789139,16.44,"000, behavior, c, cad, communication, design, development, engineer, engineering, experience","145, ability, about, along, analytical, analyze, applied, area, background, canada",Similarity=0.02; MustMatch=0.00; NiceMatch=0.00; SkillMatch=0.52,E:\hackathon\1\resume\14789139.pdf
64,36149549,16.43,"ability, analyze, area, c, communication, design, development, engineer, engineering, experience","000, 145, about, along, analytical, applied, background, behavior, cad, canada",Similarity=0.02; MustMatch=0.00; NiceMatch=0.00; SkillMatch=0.52,E:\hackathon\1\resume\36149549.pdf
65,19201175,16.40,"about, area, background, c, communication, design, development, engineer, experience, gin","000, 145, ability, along, analytical, analyze, applied, behavior, cad, canada",Similarity=0.02; MustMatch=0.00; NiceMatch=0.00; SkillMatch=0.52,E:\hackathon\1\resume\19201175.pdf
66,33381211,16.39,"000, about, c, communication, design, development, engineer, engineering, experience, gin","145, ability, along, analytical, analyze, applied, area, background, behavior, cad",Similarity=0.02; MustMatch=0.00; NiceMatch=0.00; SkillMatch=0.52,E:\hackathon\1\resume\33381211.pdf
67,27152464,16.39,"ability, behavior, c, communication, design, development, engineer, engineering, experience, gin","000, 145, about, along, analytical, analyze, applied, area, background, cad",Similarity=0.02; MustMatch=0.00; NiceMatch=0.00; SkillMatch=0.52,E:\hackathon\1\resume\27152464.pdf
68,30288581,16.38,"000, ability, analyze, c, cad, design, development, engineer, engineering, experience","145, about, along, analytical, applied, area, background, behavior, canada, communication",Similarity=0.02; MustMatch=0.00; NiceMatch=0.00; SkillMatch=0.52,E:\hackathon\1\resume\30288581.pdf
69,27295996,16.38,"000, analyze, applied, c, communication, development, engineer, experience, gin, performance","145, ability, about, along, analytical, area, background, behavior, cad, canada",Similarity=0.02; MustMatch=0.00; NiceMatch=0.00; SkillMatch=0.52,E:\hackathon\1\resume\27295996.pdf
70,92069209,16.38,"000, ability, analyze, area, c, communication, design, development, experience, gin","145, about, along, analytical, applied, background, behavior, cad, canada, engineer",Similarity=0.02; MustMatch=0.00; NiceMatch=0.00; SkillMatch=0.52,E:\hackathon\1\resume\92069209.pdf
71,18067556,16.38,"000, ability, analyze, area, background, c, design, experience, gin, mode","145, about, along, analytical, applied, behavior, cad, canada, communication, development",Similarity=0.02; MustMatch=0.00; NiceMatch=0.00; SkillMatch=0.52,E:\hackathon\1\resume\18067556.pdf
72,28505854,16.32,"000, along, c, design, development, engineer, engineering, experience, gin, mode","145, ability, about, analytical, analyze, applied, area, background, behavior, cad",Similarity=0.01; MustMatch=0.00; NiceMatch=0.00; SkillMatch=0.52,E:\hackathon\1\resume\28505854.pdf
73,35651876,16.30,"000, ability, area, c, communication, design, engineer, engineering, experience, gin","145, about, along, analytical, analyze, applied, background, behavior, cad, canada",Similarity=0.01; MustMatch=0.00; NiceMatch=0.00; SkillMatch=0.52,E:\hackathon\1\resume\35651876.pdf
74,30542184,16.17,"000, ability, analyze, area, background, c, communication, engineer, engineering, experience","145, about, along, analytical, applied, behavior, cad, canada, design, development",Similarity=0.01; MustMatch=0.00; NiceMatch=0.00; SkillMatch=0.52,E:\hackathon\1\resume\30542184.pdf
75,20879311,16.16,"000, ability, area, c, communication, design, development, engineer, experience, gin","145, about, along, analytical, analyze, applied, background, behavior, cad, canada",Similarity=0.01; MustMatch=0.00; NiceMatch=0.00; SkillMatch=0.52,E:\hackathon\1\resume\20879311.pdf
76,74236636,16.12,"000, ability, area, c, cad, communication, design, development, engineer, engineering","145, about, along, analytical, analyze, applied, background, behavior, canada, mode",Similarity=0.01; MustMatch=0.00; NiceMatch=0.00; SkillMatch=0.52,E:\hackathon\1\resume\74236636.pdf
77,15858254,16.11,"000, ability, analyze, c, cad, communication, design, engineer, engineering, experience","145, about, along, analytical, applied, area, background, behavior, canada, development",Similarity=0.01; MustMatch=0.00; NiceMatch=0.00; SkillMatch=0.52,E:\hackathon\1\resume\15858254.pdf
78,17926546,16.05,"ability, analyze, applied, c, cad, design, development, engineer, engineering, experience","000, 145, about, along, analytical, area, background, behavior, canada, communication",Similarity=0.03; MustMatch=0.00; NiceMatch=0.00; SkillMatch=0.48,E:\hackathon\1\resume\17926546.pdf
79,39413067,15.73,"000, ability, analytical, analyze, applied, c, communication, design, development, experience","145, about, along, area, background, behavior, cad, canada, engineer, engineering",Similarity=0.02; MustMatch=0.00; NiceMatch=0.00; SkillMatch=0.48,E:\hackathon\1\resume\39413067.pdf
80,35389360,15.71,"000, ability, along, c, communication, design, development, engineer, engineering, experience","145, about, analytical, analyze, applied, area, background, behavior, cad, canada",Similarity=0.02; MustMatch=0.00; NiceMatch=0.00; SkillMatch=0.48,E:\hackathon\1\resume\35389360.pdf
81,10624813,15.65,"000, ability, c, design, development, engineer, engineering, experience, gin, mode","145, about, along, analytical, analyze, applied, area, background, behavior, cad",Similarity=0.02; MustMatch=0.00; NiceMatch=0.00; SkillMatch=0.48,E:\hackathon\1\resume\10624813.pdf
82,81125166,15.64,"c, cad, communication, design, development, engineer, engineering, experience, gin, performance","000, 145, ability, about, along, analytical, analyze, applied, area, background",Similarity=0.02; MustMatch=0.00; NiceMatch=0.00; SkillMatch=0.48,E:\hackathon\1\resume\81125166.pdf
83,37335325,15.63,"ability, c, communication, design, development, engineer, engineering, experience, gin, mode","000, 145, about, along, analytical, analyze, applied, area, background, behavior",Similarity=0.02; MustMatch=0.00; NiceMatch=0.00; SkillMatch=0.48,E:\hackathon\1\resume\37335325.pdf
84,20981299,15.58,"ability, analyze, area, c, cad, design, development, engineer, engineering, experience","000, 145, about, along, analytical, applied, background, behavior, canada, communication",Similarity=0.02; MustMatch=0.00; NiceMatch=0.00; SkillMatch=0.48,E:\hackathon\1\resume\20981299.pdf
85,12488356,15.57,"000, ability, area, c, design, development, engineer, engineering, experience, gin","145, about, along, analytical, analyze, applied, background, behavior, cad, canada",Similarity=0.02; MustMatch=0.00; NiceMatch=0.00; SkillMatch=0.48,E:\hackathon\1\resume\12488356.pdf
86,20314980,15.53,"000, ability, analyze, c, design, engineer, engineering, experience, gin, performance","145, about, along, analytical, applied, area, background, behavior, cad, canada",Similarity=0.02; MustMatch=0.00; NiceMatch=0.00; SkillMatch=0.48,E:\hackathon\1\resume\20314980.pdf
87,86828820,15.48,"000, analytical, analyze, c, cad, communication, design, development, engineer, engineering","145, ability, about, along, applied, area, background, behavior, canada, navigation",Similarity=0.02; MustMatch=0.00; NiceMatch=0.00; SkillMatch=0.48,E:\hackathon\1\resume\86828820.pdf
88,26801767,15.46,"000, area, c, cad, communication, development, engineer, engineering, experience, gin","145, ability, about, along, analytical, analyze, applied, background, behavior, canada",Similarity=0.02; MustMatch=0.00; NiceMatch=0.00; SkillMatch=0.48,E:\hackathon\1\resume\26801767.pdf
89,15602094,15.43,"ability, along, analyze, c, communication, design, development, engineer, gin, performance","000, 145, about, analytical, applied, area, background, behavior, cad, canada",Similarity=0.02; MustMatch=0.00; NiceMatch=0.00; SkillMatch=0.48,E:\hackathon\1\resume\15602094.pdf
90,29075857,15.41,"ability, c, communication, design, development, engineer, engineering, experience, gin, performance","000, 145, about, along, analytical, analyze, applied, area, background, behavior",Similarity=0.02; MustMatch=0.00; NiceMatch=0.00; SkillMatch=0.48,E:\hackathon\1\resume\29075857.pdf
91,13569152,15.40,"000, ability, background, c, communication, design, development, experience, mode, performance","145, about, along, analytical, analyze, applied, area, behavior, cad, canada",Similarity=0.02; MustMatch=0.00; NiceMatch=0.00; SkillMatch=0.48,E:\hackathon\1\resume\13569152.pdf
92,22776912,15.38,"000, ability, along, c, communication, design, development, experience, gin, mode","145, about, analytical, analyze, applied, area, background, behavior, cad, canada",Similarity=0.02; MustMatch=0.00; NiceMatch=0.00; SkillMatch=0.48,E:\hackathon\1\resume\22776912.pdf
93,32959732,15.36,"ability, area, c, cad, communication, design, development, engineer, experience, gin","000, 145, about, along, analytical, analyze, applied, background, behavior, canada",Similarity=0.02; MustMatch=0.00; NiceMatch=0.00; SkillMatch=0.48,E:\hackathon\1\resume\32959732.pdf
94,27372171,15.34,"ability, along, analytical, analyze, area, c, communication, design, experience, gin","000, 145, about, applied, background, behavior, cad, canada, development, engineer",Similarity=0.02; MustMatch=0.00; NiceMatch=0.00; SkillMatch=0.48,E:\hackathon\1\resume\27372171.pdf
95,90867631,15.34,"000, 145, ability, area, c, communication, design, development, experience, gin","about, along, analytical, analyze, applied, background, behavior, cad, canada, engineer",Similarity=0.02; MustMatch=0.00; NiceMatch=0.00; SkillMatch=0.48,E:\hackathon\1\resume\90867631.pdf
96,28320387,15.33,"analyze, area, c, communication, design, engineer, engineering, experience, gin, performance","000, 145, ability, about, along, analytical, applied, background, behavior, cad",Similarity=0.02; MustMatch=0.00; NiceMatch=0.00; SkillMatch=0.48,E:\hackathon\1\resume\28320387.pdf
97,86209934,15.33,"ability, behavior, c, cad, communication, design, development, engineer, engineering, experience","000, 145, about, along, analytical, analyze, applied, area, background, canada",Similarity=0.02; MustMatch=0.00; NiceMatch=0.00; SkillMatch=0.48,E:\hackathon\1\resume\86209934.pdf
98,21780877,15.32,"000, ability, analyze, c, communication, design, engineer, engineering, experience, gin","145, about, along, analytical, applied, area, background, behavior, cad, canada",Similarity=0.02; MustMatch=0.00; NiceMatch=0.00; SkillMatch=0.48,E:\hackathon\1\resume\21780877.pdf
99,11957080,15.31,"000, ability, analyze, c, communication, design, development, experience, gin, performance","145, about, along, analytical, applied, area, background, behavior, cad, canada",Similarity=0.02; MustMatch=0.00; NiceMatch=0.00; SkillMatch=0.48,E:\hackathon\1\resume\11957080.pdf
100,52246737,15.26,"000, ability, applied, area, background, c, design, development, experience, gin","145, about, along, analytical, analyze, behavior, cad, canada, communication, engineer",Similarity=0.01; MustMatch=0.00; NiceMatch=0.00; SkillMatch=0.48,E:\hackathon\1\resume\52246737.pdf
101,23527321,15.25,"ability, analytical, area, c, communication, design, development, engineer, engineering, experience","000, 145, about, along, analyze, applied, background, behavior, cad, canada",Similarity=0.01; MustMatch=0.00; NiceMatch=0.00; SkillMatch=0.48,E:\hackathon\1\resume\23527321.pdf
102,11584809,15.19,"analyze, background, c, communication, design, development, engineer, engineering, experience, gin","000, 145, ability, about, along, analytical, applied, area, behavior, cad",Similarity=0.01; MustMatch=0.00; NiceMatch=0.00; SkillMatch=0.48,E:\hackathon\1\resume\11584809.pdf
103,44624796,15.18,"000, analytical, analyze, area, c, communication, design, engineer, engineering, experience","145, ability, about, along, applied, background, behavior, cad, canada, development",Similarity=0.01; MustMatch=0.00; NiceMatch=0.00; SkillMatch=0.48,E:\hackathon\1\resume\44624796.pdf
104,31677347,15.17,"000, ability, area, c, communication, design, development, engineer, engineering, experience","145, about, along, analytical, analyze, applied, background, behavior, cad, canada",Similarity=0.01; MustMatch=0.00; NiceMatch=0.00; SkillMatch=0.48,E:\hackathon\1\resume\31677347.pdf
105,16533554,15.15,"000, ability, area, c, communication, design, development, engineer, experience, gin","145, about, along, analytical, analyze, applied, background, behavior, cad, canada",Similarity=0.01; MustMatch=0.00; NiceMatch=0.00; SkillMatch=0.48,E:\hackathon\1\resume\16533554.pdf
106,10219099,15.14,"analyze, area, c, cad, communication, design, engineer, engineering, experience, gin","000, 145, ability, about, along, analytical, applied, background, behavior, canada",Similarity=0.01; MustMatch=0.00; NiceMatch=0.00; SkillMatch=0.48,E:\hackathon\1\resume\10219099.pdf
107,11890896,15.11,"ability, analytical, analyze, area, c, design, engineer, engineering, experience, gin","000, 145, about, along, applied, background, behavior, cad, canada, communication",Similarity=0.01; MustMatch=0.00; NiceMatch=0.00; SkillMatch=0.48,E:\hackathon\1\resume\11890896.pdf
108,15802627,15.10,"ability, analyze, area, c, communication, design, development, engineer, experience, gin","000, 145, about, along, analytical, applied, background, behavior, cad, canada",Similarity=0.01; MustMatch=0.00; NiceMatch=0.00; SkillMatch=0.48,E:\hackathon\1\resume\15802627.pdf
109,28630325,14.94,"area, c, design, development, engineer, engineering, experience, gin, mode, planning","000, 145, ability, about, along, analytical, analyze, applied, background, behavior",Similarity=0.03; MustMatch=0.00; NiceMatch=0.00; SkillMatch=0.45,E:\hackathon\1\resume\28630325.pdf
110,17103000,14.76,"000, c, communication, design, development, engineer, engineering, experience, gin, performance","145, ability, about, along, analytical, analyze, applied, area, background, behavior",Similarity=0.02; MustMatch=0.00; NiceMatch=0.00; SkillMatch=0.45,E:\hackathon\1\resume\17103000.pdf
111,12748557,14.72,"ability, area, c, cad, design, development, engineer, engineering, experience, gin","000, 145, about, along, analytical, analyze, applied, background, behavior, canada",Similarity=0.02; MustMatch=0.00; NiceMatch=0.00; SkillMatch=0.45,E:\hackathon\1\resume\12748557.pdf
112,91635250,14.71,"000, applied, area, behavior, c, communication, development, experience, performance, planning","145, ability, about, along, analytical, analyze, background, cad, canada, design",Similarity=0.02; MustMatch=0.00; NiceMatch=0.00; SkillMatch=0.45,E:\hackathon\1\resume\91635250.pdf
113,47549345,14.70,"ability, c, cad, design, development, engineer, engineering, experience, gin, mode","000, 145, about, along, analytical, analyze, applied, area, background, behavior",Similarity=0.02; MustMatch=0.00; NiceMatch=0.00; SkillMatch=0.45,E:\hackathon\1\resume\47549345.pdf
114,13149176,14.67,"000, ability, analyze, c, design, development, engineer, engineering, gin, performance","145, about, along, analytical, applied, area, background, behavior, cad, canada",Similarity=0.02; MustMatch=0.00; NiceMatch=0.00; SkillMatch=0.45,E:\hackathon\1\resume\13149176.pdf
115,70089206,14.63,"ability, applied, c, design, development, experience, gin, mode, performance, planning","000, 145, about, along, analytical, analyze, area, background, behavior, cad",Similarity=0.02; MustMatch=0.00; NiceMatch=0.00; SkillMatch=0.45,E:\hackathon\1\resume\70089206.pdf
116,18753367,14.54,"analytical, analyze, c, communication, development, engineer, engineering, experience, gin, mode","000, 145, ability, about, along, applied, area, background, behavior, cad",Similarity=0.02; MustMatch=0.00; NiceMatch=0.00; SkillMatch=0.45,E:\hackathon\1\resume\18753367.pdf
117,10840430,14.53,"ability, analyze, area, c, cad, communication, development, experience, gin, planning","000, 145, about, along, analytical, applied, background, behavior, canada, design",Similarity=0.02; MustMatch=0.00; NiceMatch=0.00; SkillMatch=0.45,E:\hackathon\1\resume\10840430.pdf
118,18176523,14.48,"000, ability, area, c, communication, design, development, engineer, experience, gin","145, about, along, analytical, analyze, applied, background, behavior, cad, canada",Similarity=0.02; MustMatch=0.00; NiceMatch=0.00; SkillMatch=0.45,E:\hackathon\1\resume\18176523.pdf
119,49127329,14.48,"analytical, analyze, c, design, development, engineer, engineering, gin, mode, performance","000, 145, ability, about, along, applied, area, background, behavior, cad",Similarity=0.02; MustMatch=0.00; NiceMatch=0.00; SkillMatch=0.45,E:\hackathon\1\resume\49127329.pdf
120,20674668,14.48,"ability, about, along, analytical, analyze, c, design, development, experience, gin","000, 145, applied, area, background, behavior, cad, canada, communication, engineer",Similarity=0.02; MustMatch=0.00; NiceMatch=0.00; SkillMatch=0.45,E:\hackathon\1\resume\20674668.pdf
121,55953734,14.44,"ability, analyze, area, c, cad, design, engineer, engineering, experience, gin","000, 145, about, along, analytical, applied, background, behavior, canada, communication",Similarity=0.02; MustMatch=0.00; NiceMatch=0.00; SkillMatch=0.45,E:\hackathon\1\resume\55953734.pdf
122,28831378,14.42,"ability, analytical, area, c, communication, design, development, engineer, engineering, experience","000, 145, about, along, analyze, applied, background, behavior, cad, canada",Similarity=0.02; MustMatch=0.00; NiceMatch=0.00; SkillMatch=0.45,E:\hackathon\1\resume\28831378.pdf
123,10985403,14.40,"ability, analyze, c, cad, design, development, engineer, engineering, experience, gin","000, 145, about, along, analytical, applied, area, background, behavior, canada",Similarity=0.02; MustMatch=0.00; NiceMatch=0.00; SkillMatch=0.45,E:\hackathon\1\resume\10985403.pdf
124,81761658,14.36,"000, ability, analyze, area, c, communication, development, experience, gin, performance","145, about, along, analytical, applied, background, behavior, cad, canada, design",Similarity=0.02; MustMatch=0.00; NiceMatch=0.00; SkillMatch=0.45,E:\hackathon\1\resume\81761658.pdf
125,26291616,14.32,"000, c, communication, design, development, engineer, experience, gin, performance, planning","145, ability, about, along, analytical, analyze, applied, area, background, behavior",Similarity=0.02; MustMatch=0.00; NiceMatch=0.00; SkillMatch=0.45,E:\hackathon\1\resume\26291616.pdf
126,56691064,14.32,"000, about, analyze, c, cad, design, engineer, engineering, experience, gin","145, ability, along, analytical, applied, area, background, behavior, canada, communication",Similarity=0.02; MustMatch=0.00; NiceMatch=0.00; SkillMatch=0.45,E:\hackathon\1\resume\56691064.pdf
127,25959103,14.30,"000, area, c, design, development, engineer, experience, gin, performance, planning","145, ability, about, along, analytical, analyze, applied, background, behavior, cad",Similarity=0.02; MustMatch=0.00; NiceMatch=0.00; SkillMatch=0.45,E:\hackathon\1\resume\25959103.pdf
128,35172961,14.30,"ability, area, c, cad, design, development, engineer, engineering, experience, gin","000, 145, about, along, analytical, analyze, applied, background, behavior, canada",Similarity=0.02; MustMatch=0.00; NiceMatch=0.00; SkillMatch=0.45,E:\hackathon\1\resume\35172961.pdf
129,52618188,14.29,"000, ability, along, c, communication, development, experience, mode, performance, planning","145, about, analytical, analyze, applied, area, background, behavior, cad, canada",Similarity=0.02; MustMatch=0.00; NiceMatch=0.00; SkillMatch=0.45,E:\hackathon\1\resume\52618188.pdf
130,64468610,14.24,"000, ability, c, communication, design, development, engineer, engineering, experience, gin","145, about, along, analytical, analyze, applied, area, background, behavior, cad",Similarity=0.01; MustMatch=0.00; NiceMatch=0.00; SkillMatch=0.45,E:\hackathon\1\resume\64468610.pdf
131,28078163,14.23,"000, ability, c, communication, design, development, engineer, engineering, experience, gin","145, about, along, analytical, analyze, applied, area, background, behavior, cad",Similarity=0.01; MustMatch=0.00; NiceMatch=0.00; SkillMatch=0.45,E:\hackathon\1\resume\28078163.pdf
132,27536013,14.22,"000, ability, analyze, area, c, communication, design, development, experience, gin","145, about, along, analytical, applied, background, behavior, cad, canada, engineer",Similarity=0.01; MustMatch=0.00; NiceMatch=0.00; SkillMatch=0.45,E:\hackathon\1\resume\27536013.pdf
133,11981094,14.16,"000, ability, c, communication, design, development, engineer, engineering, experience, gin","145, about, along, analytical, analyze, applied, area, background, behavior, cad",Similarity=0.01; MustMatch=0.00; NiceMatch=0.00; SkillMatch=0.45,E:\hackathon\1\resume\11981094.pdf
134,28631840,14.14,"000, ability, c, design, development, engineer, engineering, experience, gin, performance","145, about, along, analytical, analyze, applied, area, background, behavior, cad",Similarity=0.01; MustMatch=0.00; NiceMatch=0.00; SkillMatch=0.45,E:\hackathon\1\resume\28631840.pdf
135,38220146,14.14,"ability, analyze, c, cad, design, development, engineer, engineering, experience, gin","000, 145, about, along, analytical, applied, area, background, behavior, canada",Similarity=0.01; MustMatch=0.00; NiceMatch=0.00; SkillMatch=0.45,E:\hackathon\1\resume\38220146.pdf
136,10553553,14.13,"ability, analyze, c, canada, communication, design, development, engineer, experience, gin","000, 145, about, along, analytical, applied, area, background, behavior, cad",Similarity=0.01; MustMatch=0.00; NiceMatch=0.00; SkillMatch=0.45,E:\hackathon\1\resume\10553553.pdf
137,13454871,14.08,"000, c, canada, communication, design, development, engineer, engineering, experience, gin","145, ability, about, along, analytical, analyze, applied, area, background, behavior",Similarity=0.01; MustMatch=0.00; NiceMatch=0.00; SkillMatch=0.45,E:\hackathon\1\resume\13454871.pdf
138,25797445,14.06,"000, ability, applied, c, cad, communication, design, engineer, engineering, experience","145, about, along, analytical, analyze, area, background, behavior, canada, development",Similarity=0.01; MustMatch=0.00; NiceMatch=0.00; SkillMatch=0.45,E:\hackathon\1\resume\25797445.pdf
139,17681064,14.06,"000, ability, area, c, communication, experience, gin, mode, performance, r","145, about, along, analytical, analyze, applied, background, behavior, cad, canada",Similarity=0.01; MustMatch=0.00; NiceMatch=0.00; SkillMatch=0.45,E:\hackathon\1\resume\17681064.pdf
140,39835894,14.05,"about, c, cad, design, engineer, engineering, experience, gin, performance, planning","000, 145, ability, along, analytical, analyze, applied, area, background, behavior",Similarity=0.01; MustMatch=0.00; NiceMatch=0.00; SkillMatch=0.45,E:\hackathon\1\resume\39835894.pdf
141,91121135,14.04,"ability, analyze, area, c, communication, development, engineer, engineering, experience, gin","000, 145, about, along, analytical, applied, background, behavior, cad, canada",Similarity=0.01; MustMatch=0.00; NiceMatch=0.00; SkillMatch=0.45,E:\hackathon\1\resume\91121135.pdf
142,21366189,14.02,"000, ability, area, c, communication, development, experience, gin, mode, performance","145, about, along, analytical, analyze, applied, background, behavior, cad, canada",Similarity=0.01; MustMatch=0.00; NiceMatch=0.00; SkillMatch=0.45,E:\hackathon\1\resume\21366189.pdf
143,12334140,14.02,"000, ability, about, area, c, cad, communication, design, experience, gin","145, along, analytical, analyze, applied, background, behavior, canada, development, engineer",Similarity=0.01; MustMatch=0.00; NiceMatch=0.00; SkillMatch=0.45,E:\hackathon\1\resume\12334140.pdf
144,16911115,14.01,"ability, applied, area, c, cad, communication, development, engineer, engineering, experience","000, 145, about, along, analytical, analyze, background, behavior, canada, design",Similarity=0.01; MustMatch=0.00; NiceMatch=0.00; SkillMatch=0.45,E:\hackathon\1\resume\16911115.pdf
145,20408458,14.00,"000, analyze, area, background, c, communication, design, engineer, engineering, experience","145, ability, about, along, analytical, applied, behavior, cad, canada, development",Similarity=0.01; MustMatch=0.00; NiceMatch=0.00; SkillMatch=0.45,E:\hackathon\1\resume\20408458.pdf
146,17043822,13.98,"000, area, c, communication, design, engineer, engineering, experience, gin, performance","145, ability, about, along, analytical, analyze, applied, background, behavior, cad",Similarity=0.01; MustMatch=0.00; NiceMatch=0.00; SkillMatch=0.45,E:\hackathon\1\resume\17043822.pdf
147,23666211,13.95,"ability, analyze, c, cad, development, experience, gin, mode, performance, r","000, 145, about, along, analytical, applied, area, background, behavior, canada",Similarity=0.03; MustMatch=0.00; NiceMatch=0.00; SkillMatch=0.41,E:\hackathon\1\resume\23666211.pdf
148,14554542,13.93,"area, c, communication, design, engineer, engineering, experience, gin, performance, planning","000, 145, ability, about, along, analytical, analyze, applied, background, behavior",Similarity=0.01; MustMatch=0.00; NiceMatch=0.00; SkillMatch=0.45,E:\hackathon\1\resume\14554542.pdf
149,28672970,13.75,"area, c, communication, design, development, engineer, experience, gin, performance, planning","000, 145, ability, about, along, analytical, analyze, applied, background, behavior",Similarity=0.02; MustMatch=0.00; NiceMatch=0.00; SkillMatch=0.41,E:\hackathon\1\resume\28672970.pdf
150,51588273,13.66,"along, c, communication, design, development, engineer, engineering, experience, gin, planning","000, 145, ability, about, analytical, analyze, applied, area, background, behavior",Similarity=0.02; MustMatch=0.00; NiceMatch=0.00; SkillMatch=0.41,E:\hackathon\1\resume\51588273.pdf
151,25425322,13.66,"ability, behavior, c, design, development, engineer, engineering, experience, gin, planning","000, 145, about, along, analytical, analyze, applied, area, background, cad",Similarity=0.02; MustMatch=0.00; NiceMatch=0.00; SkillMatch=0.41,E:\hackathon\1\resume\25425322.pdf
152,21283365,13.65,"000, area, c, communication, design, development, experience, gin, mode, planning","145, ability, about, along, analytical, analyze, applied, background, behavior, cad",Similarity=0.02; MustMatch=0.00; NiceMatch=0.00; SkillMatch=0.41,E:\hackathon\1\resume\21283365.pdf
153,89413122,13.62,"000, area, c, design, development, experience, gin, performance, planning, r","145, ability, about, along, analytical, analyze, applied, background, behavior, cad",Similarity=0.02; MustMatch=0.00; NiceMatch=0.00; SkillMatch=0.41,E:\hackathon\1\resume\89413122.pdf
154,43752620,13.62,"analyze, c, cad, design, development, engineer, engineering, experience, gin, mode","000, 145, ability, about, along, analytical, applied, area, background, behavior",Similarity=0.02; MustMatch=0.00; NiceMatch=0.00; SkillMatch=0.41,E:\hackathon\1\resume\43752620.pdf
155,25919149,13.59,"ability, along, analyze, c, communication, design, engineer, engineering, experience, gin","000, 145, about, analytical, applied, area, background, behavior, cad, canada",Similarity=0.02; MustMatch=0.00; NiceMatch=0.00; SkillMatch=0.41,E:\hackathon\1\resume\25919149.pdf
156,12763627,13.51,"ability, c, communication, design, engineer, engineering, experience, gin, mode, r","000, 145, about, along, analytical, analyze, applied, area, background, behavior",Similarity=0.02; MustMatch=0.00; NiceMatch=0.00; SkillMatch=0.41,E:\hackathon\1\resume\12763627.pdf
157,21847415,13.50,"ability, analyze, applied, c, communication, design, engineer, engineering, experience, gin","000, 145, about, along, analytical, area, background, behavior, cad, canada",Similarity=0.02; MustMatch=0.00; NiceMatch=0.00; SkillMatch=0.41,E:\hackathon\1\resume\21847415.pdf
158,29196643,13.45,"ability, analytical, c, cad, communication, design, experience, gin, planning, r","000, 145, about, along, analyze, applied, area, background, behavior, canada",Similarity=0.02; MustMatch=0.00; NiceMatch=0.00; SkillMatch=0.41,E:\hackathon\1\resume\29196643.pdf
159,36434348,13.44,"000, analytical, c, communication, design, development, experience, gin, performance, planning","145, ability, about, along, analyze, applied, area, background, behavior, cad",Similarity=0.02; MustMatch=0.00; NiceMatch=0.00; SkillMatch=0.41,E:\hackathon\1\resume\36434348.pdf
160,29723311,13.40,"ability, analyze, c, communication, development, engineer, engineering, experience, gin, performance","000, 145, about, along, analytical, applied, area, background, behavior, cad",Similarity=0.02; MustMatch=0.00; NiceMatch=0.00; SkillMatch=0.41,E:\hackathon\1\resume\29723311.pdf
161,37242217,13.37,"ability, analyze, c, communication, design, development, experience, performance, planning, r","000, 145, about, along, analytical, applied, area, background, behavior, cad",Similarity=0.02; MustMatch=0.00; NiceMatch=0.00; SkillMatch=0.41,E:\hackathon\1\resume\37242217.pdf
162,21156767,13.35,"about, analyze, c, design, development, engineer, engineering, experience, gin, mode","000, 145, ability, along, analytical, applied, area, background, behavior, cad",Similarity=0.02; MustMatch=0.00; NiceMatch=0.00; SkillMatch=0.41,E:\hackathon\1\resume\21156767.pdf
163,41344156,13.35,"000, about, area, c, communication, design, development, experience, gin, performance","145, ability, along, analytical, analyze, applied, background, behavior, cad, canada",Similarity=0.02; MustMatch=0.00; NiceMatch=0.00; SkillMatch=0.41,E:\hackathon\1\resume\41344156.pdf
164,28697203,13.35,"ability, c, cad, communication, design, development, experience, gin, performance, planning","000, 145, about, along, analytical, analyze, applied, area, background, behavior",Similarity=0.02; MustMatch=0.00; NiceMatch=0.00; SkillMatch=0.41,E:\hackathon\1\resume\28697203.pdf
165,82125182,13.34,"000, analyze, c, cad, engineer, engineering, experience, gin, performance, r","145, ability, about, along, analytical, applied, area, background, behavior, canada",Similarity=0.02; MustMatch=0.00; NiceMatch=0.00; SkillMatch=0.41,E:\hackathon\1\resume\82125182.pdf
166,51639418,13.31,"000, analytical, c, cad, communication, design, development, experience, gin, performance","145, ability, about, along, analyze, applied, area, background, behavior, canada",Similarity=0.02; MustMatch=0.00; NiceMatch=0.00; SkillMatch=0.41,E:\hackathon\1\resume\51639418.pdf
167,26456899,13.30,"ability, c, cad, communication, development, engineer, engineering, experience, gin, performance","000, 145, about, along, analytical, analyze, applied, area, background, behavior",Similarity=0.02; MustMatch=0.00; NiceMatch=0.00; SkillMatch=0.41,E:\hackathon\1\resume\26456899.pdf
168,15651486,13.25,"000, ability, area, c, design, development, engineer, experience, gin, r","145, about, along, analytical, analyze, applied, background, behavior, cad, canada",Similarity=0.02; MustMatch=0.00; NiceMatch=0.00; SkillMatch=0.41,E:\hackathon\1\resume\15651486.pdf
169,23864648,13.24,"000, c, design, development, engineer, experience, gin, mode, performance, planning","145, ability, about, along, analytical, analyze, applied, area, background, behavior",Similarity=0.02; MustMatch=0.00; NiceMatch=0.00; SkillMatch=0.41,E:\hackathon\1\resume\23864648.pdf
170,31111279,13.23,"000, about, area, background, c, communication, development, experience, gin, r","145, ability, along, analytical, analyze, applied, behavior, cad, canada, design",Similarity=0.01; MustMatch=0.00; NiceMatch=0.00; SkillMatch=0.41,E:\hackathon\1\resume\31111279.pdf
171,96029688,13.21,"000, ability, c, cad, design, engineer, engineering, experience, gin, mode","145, about, along, analytical, analyze, applied, area, background, behavior, canada",Similarity=0.01; MustMatch=0.00; NiceMatch=0.00; SkillMatch=0.41,E:\hackathon\1\resume\96029688.pdf
172,15941675,13.19,"ability, analytical, c, communication, development, engineer, engineering, experience, gin, planning","000, 145, about, along, analyze, applied, area, background, behavior, cad",Similarity=0.01; MustMatch=0.00; NiceMatch=0.00; SkillMatch=0.41,E:\hackathon\1\resume\15941675.pdf
173,27040860,13.19,"ability, about, along, c, communication, engineer, engineering, experience, gin, planning","000, 145, analytical, analyze, applied, area, background, behavior, cad, canada",Similarity=0.01; MustMatch=0.00; NiceMatch=0.00; SkillMatch=0.41,E:\hackathon\1\resume\27040860.pdf
174,36517781,13.18,"area, c, cad, communication, design, engineer, engineering, experience, gin, performance","000, 145, ability, about, along, analytical, analyze, applied, background, behavior",Similarity=0.01; MustMatch=0.00; NiceMatch=0.00; SkillMatch=0.41,E:\hackathon\1\resume\36517781.pdf
175,24913648,13.14,"000, ability, applied, area, c, communication, design, experience, gin, performance","145, about, along, analytical, analyze, background, behavior, cad, canada, development",Similarity=0.01; MustMatch=0.00; NiceMatch=0.00; SkillMatch=0.41,E:\hackathon\1\resume\24913648.pdf
176,22890839,13.10,"000, ability, along, c, cad, engineer, engineering, experience, gin, mode","145, about, analytical, analyze, applied, area, background, behavior, canada, communication",Similarity=0.01; MustMatch=0.00; NiceMatch=0.00; SkillMatch=0.41,E:\hackathon\1\resume\22890839.pdf
177,11580408,13.00,"000, ability, c, cad, communication, design, development, engineer, experience, gin","145, about, along, analytical, analyze, applied, area, background, behavior, canada",Similarity=0.01; MustMatch=0.00; NiceMatch=0.00; SkillMatch=0.41,E:\hackathon\1\resume\11580408.pdf
178,24038620,12.98,"000, ability, area, c, communication, engineer, engineering, experience, gin, planning","145, about, along, analytical, analyze, applied, background, behavior, cad, canada",Similarity=0.01; MustMatch=0.00; NiceMatch=0.00; SkillMatch=0.41,E:\hackathon\1\resume\24038620.pdf
179,21807224,12.93,"ability, applied, c, cad, design, development, engineer, engineering, experience, gin","000, 145, about, along, analytical, analyze, area, background, behavior, canada",Similarity=0.01; MustMatch=0.00; NiceMatch=0.00; SkillMatch=0.41,E:\hackathon\1\resume\21807224.pdf
180,54227873,12.89,"c, cad, design, development, engineer, engineering, experience, gin, mode, r","000, 145, ability, about, along, analytical, analyze, applied, area, background",Similarity=0.01; MustMatch=0.00; NiceMatch=0.00; SkillMatch=0.41,E:\hackathon\1\resume\54227873.pdf
181,31243710,12.87,"000, analyze, c, design, engineer, engineering, experience, gin, mode, performance","145, ability, about, along, analytical, applied, area, background, behavior, cad",Similarity=0.01; MustMatch=0.00; NiceMatch=0.00; SkillMatch=0.41,E:\hackathon\1\resume\31243710.pdf
182,11020140,12.78,"000, analytical, c, communication, design, development, experience, gin, r, role","145, ability, about, along, analyze, applied, area, background, behavior, cad",Similarity=0.03; MustMatch=0.00; NiceMatch=0.00; SkillMatch=0.38,E:\hackathon\1\resume\11020140.pdf
183,13477922,12.77,"000, applied, area, c, communication, engineer, engineering, experience, gin, performance","145, ability, about, along, analytical, analyze, background, behavior, cad, canada",Similarity=0.01; MustMatch=0.00; NiceMatch=0.00; SkillMatch=0.41,E:\hackathon\1\resume\13477922.pdf
184,10641230,12.76,"c, cad, design, development, engineer, engineering, experience, gin, performance, planning","000, 145, ability, about, along, analytical, analyze, applied, area, background",Similarity=0.01; MustMatch=0.00; NiceMatch=0.00; SkillMatch=0.41,E:\hackathon\1\resume\10641230.pdf
185,50328713,12.71,"analytical, c, design, development, engineer, engineering, experience, gin, mode, performance","000, 145, ability, about, along, analyze, applied, area, background, behavior",Similarity=0.01; MustMatch=0.00; NiceMatch=0.00; SkillMatch=0.41,E:\hackathon\1\resume\50328713.pdf
186,10030015,12.62,"applied, c, design, development, engineer, engineering, experience, gin, performance, r","000, 145, ability, about, along, analytical, analyze, area, background, behavior",Similarity=0.02; MustMatch=0.00; NiceMatch=0.00; SkillMatch=0.38,E:\hackathon\1\resume\10030015.pdf
187,28897981,12.45,"000, c, communication, design, development, experience, performance, planning, r, research","145, ability, about, along, analytical, analyze, applied, area, background, behavior",Similarity=0.02; MustMatch=0.00; NiceMatch=0.00; SkillMatch=0.38,E:\hackathon\1\resume\28897981.pdf
188,55595908,12.44,"ability, c, communication, design, engineer, engineering, experience, gin, performance, r","000, 145, about, along, analytical, analyze, applied, area, background, behavior",Similarity=0.02; MustMatch=0.00; NiceMatch=0.00; SkillMatch=0.38,E:\hackathon\1\resume\55595908.pdf
189,38314236,12.28,"ability, c, cad, design, development, engineer, engineering, experience, gin, r","000, 145, about, along, analytical, analyze, applied, area, background, behavior",Similarity=0.02; MustMatch=0.00; NiceMatch=0.00; SkillMatch=0.38,E:\hackathon\1\resume\38314236.pdf
190,19124258,12.25,"c, cad, design, engineer, engineering, experience, gin, planning, r, research","000, 145, ability, about, along, analytical, analyze, applied, area, background",Similarity=0.02; MustMatch=0.00; NiceMatch=0.00; SkillMatch=0.38,E:\hackathon\1\resume\19124258.pdf
191,19396040,12.25,"analytical, c, cad, design, engineer, engineering, experience, gin, planning, r","000, 145, ability, about, along, analyze, applied, area, background, behavior",Similarity=0.02; MustMatch=0.00; NiceMatch=0.00; SkillMatch=0.38,E:\hackathon\1\resume\19396040.pdf
192,28005884,12.23,"area, c, cad, design, development, engineer, engineering, experience, gin, r","000, 145, ability, about, along, analytical, analyze, applied, background, behavior",Similarity=0.02; MustMatch=0.00; NiceMatch=0.00; SkillMatch=0.38,E:\hackathon\1\resume\28005884.pdf
193,23234047,12.18,"c, cad, design, engineer, engineering, experience, gin, mode, performance, r","000, 145, ability, about, along, analytical, analyze, applied, area, background",Similarity=0.01; MustMatch=0.00; NiceMatch=0.00; SkillMatch=0.38,E:\hackathon\1\resume\23234047.pdf
194,15791766,12.15,"000, ability, analyze, c, communication, experience, performance, planning, r, research","145, about, along, analytical, applied, area, background, behavior, cad, canada",Similarity=0.01; MustMatch=0.00; NiceMatch=0.00; SkillMatch=0.38,E:\hackathon\1\resume\15791766.pdf
195,35737840,12.13,"ability, background, c, design, development, engineer, engineering, experience, gin, r","000, 145, about, along, analytical, analyze, applied, area, behavior, cad",Similarity=0.01; MustMatch=0.00; NiceMatch=0.00; SkillMatch=0.38,E:\hackathon\1\resume\35737840.pdf
196,25930778,12.13,"ability, about, c, cad, design, engineer, engineering, experience, gin, mode","000, 145, along, analytical, analyze, applied, area, background, behavior, canada",Similarity=0.01; MustMatch=0.00; NiceMatch=0.00; SkillMatch=0.38,E:\hackathon\1\resume\25930778.pdf
197,17025292,12.10,"000, ability, c, communication, design, development, experience, gin, r, research","145, about, along, analytical, analyze, applied, area, background, behavior, cad",Similarity=0.01; MustMatch=0.00; NiceMatch=0.00; SkillMatch=0.38,E:\hackathon\1\resume\17025292.pdf
198,79541391,12.08,"000, about, area, c, cad, development, experience, gin, planning, r","145, ability, along, analytical, analyze, applied, background, behavior, canada, communication",Similarity=0.01; MustMatch=0.00; NiceMatch=0.00; SkillMatch=0.38,E:\hackathon\1\resume\79541391.pdf
199,13385306,12.07,"000, c, design, development, experience, gin, mode, planning, r, research","145, ability, about, along, analytical, analyze, applied, area, background, behavior",Similarity=0.01; MustMatch=0.00; NiceMatch=0.00; SkillMatch=0.38,E:\hackathon\1\resume\13385306.pdf
200,22605864,12.06,"ability, c, design, engineer, engineering, experience, gin, planning, r, role","000, 145, about, along, analytical, analyze, applied, area, background, behavior",Similarity=0.01; MustMatch=0.00; NiceMatch=0.00; SkillMatch=0.38,E:\hackathon\1\resume\22605864.pdf
201,25207620,12.06,"area, c, cad, communication, design, engineer, engineering, experience, gin, r","000, 145, ability, about, along, analytical, analyze, applied, background, behavior",Similarity=0.01; MustMatch=0.00; NiceMatch=0.00; SkillMatch=0.38,E:\hackathon\1\resume\25207620.pdf
202,23497307,11.97,"analytical, analyze, c, communication, engineer, engineering, experience, gin, performance, r","000, 145, ability, about, along, applied, area, background, behavior, cad",Similarity=0.01; MustMatch=0.00; NiceMatch=0.00; SkillMatch=0.38,E:\hackathon\1\resume\23497307.pdf
203,19397727,11.94,"area, background, c, communication, design, engineer, engineering, experience, gin, r","000, 145, ability, about, along, analytical, analyze, applied, behavior, cad",Similarity=0.01; MustMatch=0.00; NiceMatch=0.00; SkillMatch=0.38,E:\hackathon\1\resume\19397727.pdf
204,15297298,11.93,"000, ability, c, communication, development, experience, gin, performance, planning, r","145, about, along, analytical, analyze, applied, area, background, behavior, cad",Similarity=0.01; MustMatch=0.00; NiceMatch=0.00; SkillMatch=0.38,E:\hackathon\1\resume\15297298.pdf
205,10089434,11.93,"000, ability, area, c, design, experience, gin, planning, r, research","145, about, along, analytical, analyze, applied, background, behavior, cad, canada",Similarity=0.01; MustMatch=0.00; NiceMatch=0.00; SkillMatch=0.38,E:\hackathon\1\resume\10089434.pdf
206,19850482,11.93,"ability, background, c, communication, design, experience, gin, performance, planning, r","000, 145, about, along, analytical, analyze, applied, area, behavior, cad",Similarity=0.01; MustMatch=0.00; NiceMatch=0.00; SkillMatch=0.38,E:\hackathon\1\resume\19850482.pdf
207,16803215,11.91,"ability, about, c, communication, engineer, engineering, experience, gin, r, role","000, 145, along, analytical, analyze, applied, area, background, behavior, cad",Similarity=0.01; MustMatch=0.00; NiceMatch=0.00; SkillMatch=0.38,E:\hackathon\1\resume\16803215.pdf
208,15601399,11.88,"000, area, c, communication, engineer, engineering, experience, gin, mode, r","145, ability, about, along, analytical, analyze, applied, background, behavior, cad",Similarity=0.01; MustMatch=0.00; NiceMatch=0.00; SkillMatch=0.38,E:\hackathon\1\resume\15601399.pdf
209,20824105,11.87,"c, communication, design, engineer, engineering, experience, gin, mode, r, research","000, 145, ability, about, along, analytical, analyze, applied, area, background",Similarity=0.01; MustMatch=0.00; NiceMatch=0.00; SkillMatch=0.38,E:\hackathon\1\resume\20824105.pdf
210,24020470,11.86,"000, ability, c, experience, gin, mode, performance, planning, r, role","145, about, along, analytical, analyze, applied, area, background, behavior, cad",Similarity=0.01; MustMatch=0.00; NiceMatch=0.00; SkillMatch=0.38,E:\hackathon\1\resume\24020470.pdf
211,40018190,11.83,"ability, analytical, c, cad, communication, design, development, experience, performance, r","000, 145, about, along, analyze, applied, area, background, behavior, canada",Similarity=0.01; MustMatch=0.00; NiceMatch=0.00; SkillMatch=0.38,E:\hackathon\1\resume\40018190.pdf
212,24230851,11.76,"ability, about, analytical, area, c, communication, design, experience, performance, r","000, 145, along, analyze, applied, background, behavior, cad, canada, development",Similarity=0.01; MustMatch=0.00; NiceMatch=0.00; SkillMatch=0.38,E:\hackathon\1\resume\24230851.pdf
213,24889109,11.66,"analyze, area, c, communication, development, experience, gin, performance, r, role","000, 145, ability, about, along, analytical, applied, background, behavior, cad",Similarity=0.01; MustMatch=0.00; NiceMatch=0.00; SkillMatch=0.38,E:\hackathon\1\resume\24889109.pdf
214,16899268,11.42,"analyze, c, cad, communication, design, development, experience, gin, planning, r","000, 145, ability, about, along, analytical, applied, area, background, behavior",Similarity=0.02; MustMatch=0.00; NiceMatch=0.00; SkillMatch=0.34,E:\hackathon\1\resume\16899268.pdf
215,20001721,11.41,"ability, analytical, background, c, cad, design, experience, performance, r, research","000, 145, about, along, analyze, applied, area, behavior, canada, communication",Similarity=0.02; MustMatch=0.00; NiceMatch=0.00; SkillMatch=0.34,E:\hackathon\1\resume\20001721.pdf
216,27485716,11.36,"c, communication, design, development, experience, gin, performance, planning, r, system","000, 145, ability, about, along, analytical, analyze, applied, area, background",Similarity=0.02; MustMatch=0.00; NiceMatch=0.00; SkillMatch=0.34,E:\hackathon\1\resume\27485716.pdf
217,12518008,11.22,"c, design, development, engineer, engineering, experience, gin, planning, r, research","000, 145, ability, about, along, analytical, analyze, applied, area, background",Similarity=0.02; MustMatch=0.00; NiceMatch=0.00; SkillMatch=0.34,E:\hackathon\1\resume\12518008.pdf
218,26480367,11.21,"000, ability, area, c, design, development, experience, performance, r, system","145, about, along, analytical, analyze, applied, background, behavior, cad, canada",Similarity=0.02; MustMatch=0.00; NiceMatch=0.00; SkillMatch=0.34,E:\hackathon\1\resume\26480367.pdf
219,25905275,11.21,"000, ability, analytical, c, communication, experience, performance, r, research, system","145, about, along, analyze, applied, area, background, behavior, cad, canada",Similarity=0.02; MustMatch=0.00; NiceMatch=0.00; SkillMatch=0.34,E:\hackathon\1\resume\25905275.pdf
220,60004873,11.21,"background, c, cad, design, engineer, engineering, experience, gin, r, research","000, 145, ability, about, along, analytical, analyze, applied, area, behavior",Similarity=0.02; MustMatch=0.00; NiceMatch=0.00; SkillMatch=0.34,E:\hackathon\1\resume\60004873.pdf
221,32985311,11.15,"along, area, c, engineer, engineering, experience, gin, mode, r, system","000, 145, ability, about, analytical, analyze, applied, background, behavior, cad",Similarity=0.01; MustMatch=0.00; NiceMatch=0.00; SkillMatch=0.34,E:\hackathon\1\resume\32985311.pdf
222,62071407,11.10,"c, cad, design, engineer, engineering, experience, gin, r, research, system","000, 145, ability, about, along, analytical, analyze, applied, area, background",Similarity=0.01; MustMatch=0.00; NiceMatch=0.00; SkillMatch=0.34,E:\hackathon\1\resume\62071407.pdf
223,32802563,10.95,"area, c, communication, engineer, engineering, experience, gin, r, research, system","000, 145, ability, about, along, analytical, analyze, applied, background, behavior",Similarity=0.01; MustMatch=0.00; NiceMatch=0.00; SkillMatch=0.34,E:\hackathon\1\resume\32802563.pdf
224,15118506,10.91,"000, ability, c, communication, design, development, experience, gin, r, system","145, about, along, analytical, analyze, applied, area, background, behavior, cad",Similarity=0.01; MustMatch=0.00; NiceMatch=0.00; SkillMatch=0.34,E:\hackathon\1\resume\15118506.pdf
225,18752129,10.90,"along, c, design, development, engineer, engineering, experience, gin, mode, r","000, 145, ability, about, analytical, analyze, applied, area, background, behavior",Similarity=0.01; MustMatch=0.00; NiceMatch=0.00; SkillMatch=0.34,E:\hackathon\1\resume\18752129.pdf
226,57002858,10.88,"000, ability, c, communication, design, engineer, experience, gin, r, system","145, about, along, analytical, analyze, applied, area, background, behavior, cad",Similarity=0.01; MustMatch=0.00; NiceMatch=0.00; SkillMatch=0.34,E:\hackathon\1\resume\57002858.pdf
227,14206561,10.86,"analyze, c, design, engineer, engineering, experience, gin, performance, r, system","000, 145, ability, about, along, analytical, applied, area, background, behavior",Similarity=0.01; MustMatch=0.00; NiceMatch=0.00; SkillMatch=0.34,E:\hackathon\1\resume\14206561.pdf
228,37764298,10.84,"000, analyze, c, communication, engineer, engineering, experience, gin, r, system","145, ability, about, along, analytical, applied, area, background, behavior, cad",Similarity=0.01; MustMatch=0.00; NiceMatch=0.00; SkillMatch=0.34,E:\hackathon\1\resume\37764298.pdf
229,17688766,10.77,"ability, analyze, c, communication, design, experience, gin, planning, r, system","000, 145, about, along, analytical, applied, area, background, behavior, cad",Similarity=0.01; MustMatch=0.00; NiceMatch=0.00; SkillMatch=0.34,E:\hackathon\1\resume\17688766.pdf
230,19553067,10.76,"000, analytical, analyze, c, development, engineer, engineering, experience, gin, r","145, ability, about, along, applied, area, background, behavior, cad, canada",Similarity=0.01; MustMatch=0.00; NiceMatch=0.00; SkillMatch=0.34,E:\hackathon\1\resume\19553067.pdf
231,27770859,10.32,"000, c, cad, communication, design, experience, gin, r, system","145, ability, about, along, analytical, analyze, applied, area, background, behavior",Similarity=0.02; MustMatch=0.00; NiceMatch=0.00; SkillMatch=0.31,E:\hackathon\1\resume\27770859.pdf
232,21298336,10.26,"c, cad, design, engineer, engineering, experience, gin, performance, r","000, 145, ability, about, along, analytical, analyze, applied, area, background",Similarity=0.02; MustMatch=0.00; NiceMatch=0.00; SkillMatch=0.31,E:\hackathon\1\resume\21298336.pdf
233,91697974,10.25,"analyze, c, communication, experience, gin, performance, r, research, system","000, 145, ability, about, along, analytical, applied, area, background, behavior",Similarity=0.02; MustMatch=0.00; NiceMatch=0.00; SkillMatch=0.31,E:\hackathon\1\resume\91697974.pdf
234,Data_Analyst_Large,10.18,"ability, analytical, analyze, c, communication, design, development, experience, r","000, 145, about, along, applied, area, background, behavior, cad, canada",Similarity=0.02; MustMatch=0.00; NiceMatch=0.00; SkillMatch=0.31,E:\hackathon\1\resume\Data_Analyst_Large.pdf
235,20024870,10.08,"behavior, c, cad, design, development, experience, planning, r, system","000, 145, ability, about, along, analytical, analyze, applied, area, background",Similarity=0.01; MustMatch=0.00; NiceMatch=0.00; SkillMatch=0.31,E:\hackathon\1\resume\20024870.pdf
236,29975124,9.98,"000, c, communication, design, development, experience, r, role, system","145, ability, about, along, analytical, analyze, applied, area, background, behavior",Similarity=0.01; MustMatch=0.00; NiceMatch=0.00; SkillMatch=0.31,E:\hackathon\1\resume\29975124.pdf
237,25990239,9.96,"ability, applied, c, design, development, experience, planning, r, system","000, 145, about, along, analytical, analyze, area, background, behavior, cad",Similarity=0.01; MustMatch=0.00; NiceMatch=0.00; SkillMatch=0.31,E:\hackathon\1\resume\25990239.pdf
238,35325329,9.87,"000, c, communication, development, experience, gin, planning, r, system","145, ability, about, along, analytical, analyze, applied, area, background, behavior",Similarity=0.01; MustMatch=0.00; NiceMatch=0.00; SkillMatch=0.31,E:\hackathon\1\resume\35325329.pdf
239,13836471,9.82,"000, c, engineer, experience, gin, planning, r, research, system","145, ability, about, along, analytical, analyze, applied, area, background, behavior",Similarity=0.01; MustMatch=0.00; NiceMatch=0.00; SkillMatch=0.31,E:\hackathon\1\resume\13836471.pdf
240,68460556,9.76,"about, analyze, area, c, communication, development, experience, r, system","000, 145, ability, along, analytical, applied, background, behavior, cad, canada",Similarity=0.01; MustMatch=0.00; NiceMatch=0.00; SkillMatch=0.31,E:\hackathon\1\resume\68460556.pdf
241,39718499,9.75,"ability, background, c, cad, communication, design, experience, performance, r","000, 145, about, along, analytical, analyze, applied, area, behavior, canada",Similarity=0.01; MustMatch=0.00; NiceMatch=0.00; SkillMatch=0.31,E:\hackathon\1\resume\39718499.pdf
242,20574232,9.69,"000, c, cad, communication, engineer, experience, gin, r, system","145, ability, about, along, analytical, analyze, applied, area, background, behavior",Similarity=0.01; MustMatch=0.00; NiceMatch=0.00; SkillMatch=0.31,E:\hackathon\1\resume\20574232.pdf
243,25857360,9.60,"000, area, c, communication, experience, gin, planning, r, system","145, ability, about, along, analytical, analyze, applied, background, behavior, cad",Similarity=0.01; MustMatch=0.00; NiceMatch=0.00; SkillMatch=0.31,E:\hackathon\1\resume\25857360.pdf
244,17987433,8.91,"ability, analytical, c, development, experience, gin, r, research","000, 145, about, along, analyze, applied, area, background, behavior, cad",Similarity=0.01; MustMatch=0.00; NiceMatch=0.00; SkillMatch=0.28,E:\hackathon\1\resume\17987433.pdf
245,24083609,8.89,"000, ability, area, c, experience, gin, r, system","145, about, along, analytical, analyze, applied, background, behavior, cad, canada",Similarity=0.01; MustMatch=0.00; NiceMatch=0.00; SkillMatch=0.28,E:\hackathon\1\resume\24083609.pdf
246,33241454,8.85,"behavior, c, communication, design, experience, performance, r, system","000, 145, ability, about, along, analytical, analyze, applied, area, background",Similarity=0.01; MustMatch=0.00; NiceMatch=0.00; SkillMatch=0.28,E:\hackathon\1\resume\33241454.pdf
247,20237244,8.81,"analytical, analyze, applied, c, cad, experience, r, system","000, 145, ability, about, along, area, background, behavior, canada, communication",Similarity=0.01; MustMatch=0.00; NiceMatch=0.00; SkillMatch=0.28,E:\hackathon\1\resume\20237244.pdf
248,64017585,8.80,"analyze, area, c, design, experience, gin, performance, r","000, 145, ability, about, along, analytical, applied, background, behavior, cad",Similarity=0.01; MustMatch=0.00; NiceMatch=0.00; SkillMatch=0.28,E:\hackathon\1\resume\64017585.pdf
249,12635195,7.94,"analyze, c, design, development, experience, r, system","000, 145, ability, about, along, analytical, applied, area, background, behavior",Similarity=0.01; MustMatch=0.00; NiceMatch=0.00; SkillMatch=0.24,E:\hackathon\1\resume\12635195.pdf
250,66832845,7.65,"000, analyze, area, c, communication, r, system","145, ability, about, along, analytical, applied, background, behavior, cad, canada",Similarity=0.01; MustMatch=0.00; NiceMatch=0.00; SkillMatch=0.24,E:\hackathon\1\resume\66832845.pdf
251,38535335,7.62,"c, engineer, engineering, experience, gin, r, system","000, 145, ability, about, along, analytical, analyze, applied, area, background",Similarity=0.01; MustMatch=0.00; NiceMatch=0.00; SkillMatch=0.24,E:\hackathon\1\resume\38535335.pdf
252,Administrative_Assistant_Large,7.58,"ability, c, communication, experience, gin, r, system","000, 145, about, along, analytical, analyze, applied, area, background, behavior",Similarity=0.01; MustMatch=0.00; NiceMatch=0.00; SkillMatch=0.24,E:\hackathon\1\resume\Administrative_Assistant_Large.pdf
253,Mechanical_Technician_Large,7.58,"ability, background, c, experience, gin, r, system","000, 145, about, along, analytical, analyze, applied, area, behavior, cad",Similarity=0.01; MustMatch=0.00; NiceMatch=0.00; SkillMatch=0.24,E:\hackathon\1\resume\Mechanical_Technician_Large.pdf
254,26768723,6.90,"about, c, experience, r, research, system","000, 145, ability, along, analytical, analyze, applied, area, background, behavior",Similarity=0.01; MustMatch=0.00; NiceMatch=0.00; SkillMatch=0.21,E:\hackathon\1\resume\26768723.pdf
255,10839851,6.62,"analyze, c, experience, performance, r, system","000, 145, ability, about, along, analytical, applied, area, background, behavior",Similarity=0.01; MustMatch=0.00; NiceMatch=0.00; SkillMatch=0.21,E:\hackathon\1\resume\10839851.pdf
